<CREOLE-DIRECTORY>  
<CREOLE>
   <RESOURCE>
	<JAR SCAN="true">RegexMatcher.jar</JAR>
	<CLASS>com.moonraft.textlytics.gate.WordCorrection</CLASS>
	<PARAMETER NAME="document" RUNTIME="true">gate.Document</PARAMETER>
	<PARAMETER NAME="inputASName" RUNTIME="true" OPTIONAL="true">java.lang.String</PARAMETER>
	<PARAMETER NAME="model" RUNTIME="false" OPTIONAL="false" COMMENT="This URL must point to the model directory, and should end with a slash."  DEFAULT="./ExtendedList.txt">java.net.URL</PARAMETER>
   </RESOURCE>
</CREOLE>
</CREOLE-DIRECTORY>
